Workbook

Sheet Master
B2: Car Number | C2: 1 | E2: #VALUE! | I2: Workbook Closed?
B3: Driver | C3: H. JON | I3: NO
B4: Circuit | C4: TAI
B5: Event | C5: PCCA RD 5 | I5: Lifing Updated?
B6: Mechanic | C6: M. WAL | I6: YES
B7: Engineer | C7: D. SWEN
B8: Chassis | C8: 298112 | I8: Closed By:
B9: Colour Code | C9: 1 | I9: -
B12: Schedule | D12: Date | E12: Day | F12: Time Start | G12: Time End | H12: Duration | I12: Scheduled Laps
B13: Session 1 | C13: Practice 1 | D13: 45912 | E13: {=INDEX(#REF!,WEEKDAY(D13),2)} -> #REF! | F13: 0.4375 | G13: 0.45486111 | H13: =G13-F13 -> 0.017361111
B14: Session 2 | C14: Practice 2 | D14: 45912 | E14: {=INDEX(#REF!,WEEKDAY(D14),2)} -> #REF! | F14: 0.63541667 | G14: 0.65277778 | H14: =G14-F14 -> 0.017361111
B15: Session 3 | C15: Qualifying | D15: 45913 | E15: {=INDEX(#REF!,WEEKDAY(D15),2)} -> #REF! | F15: 0.44791667 | G15: 0.46180556 | H15: =G15-F15 -> 0.013888889
B16: Session 4 | C16: Race 1 | D16: 45913 | E16: {=INDEX(#REF!,WEEKDAY(D16),2)} -> #REF! | F16: 0.65277778 | G16: 0.67013889 | H16: =G16-F16 -> 0.017361111
B17: Session 5 | C17: Race 2 | D17: 45914 | E17: {=INDEX(#REF!,WEEKDAY(D17),2)} -> #REF! | F17: 0.35763889 | G17: 0.38888889 | H17: =G17-F17 -> 0.03125
B18: Session 6 | C18: Race 3 | D18: 45914 | E18: {=INDEX(#REF!,WEEKDAY(D18),2)} -> #REF! | F18: 0.52430556 | G18: 0.54166667 | H18: =G18-F18 -> 0.017361111
B20: Trackbook Version | C20: 15
B21: Template Creation | C21: 45853

Sheet Mileage
A1: fh | E1: Car and Tyre Mileage | N1: Car | P1: =Master!C2 -> 1
A5: Year | B5: =YEAR(Master!D13) -> 2025 | C5: Event | D5: =Master!C5 -> PCCA RD 5 | F5: Track | G5: =Master!C4 -> TAI | H5: Driver | I5: =Master!C3 -> H. JON | K5: Chassis | L5: =Master!C8 -> 298112 | N5: Engineer | O5: =Master!C7 -> D. SWEN | Q5: Lap Dist | R5: =_xlfn.XLOOKUP(G5,#REF!,#REF!) -> #REF! | S5: km
A7: SLICK TYRES | B7: Start Mileage | C7: =Master!C13 -> Practice 1 | E7: =Master!C14 -> Practice 2 | G7: =Master!C15 -> Qualifying | I7: =Master!C16 -> Race 1 | K7: =Master!C17 -> Race 2 | M7: =Master!C18 -> Race 3 | O7: Event Milage | Q7: End Mileage | S7: Notes
A8: 1.5321 | B8: 54.22 | C8: =GetTyreMileage($A8,C$7) -> #NAME? | E8: =GetTyreMileage($A8,E$7) -> #NAME? | G8: =GetTyreMileage($A8,G$7) -> #NAME? | I8: =GetTyreMileage($A8,I$7) -> #NAME? | K8: =GetTyreMileage($A8,K$7) -> #NAME? | M8: =GetTyreMileage($A8,M$7) -> #NAME? | O8: =SUM(C8:N8) -> #NAME? | Q8: =SUM(B8:N8) -> #NAME?
A9: 1.5322 | B9: 54.22 | C9: =GetTyreMileage($A9,C$7) -> #NAME? | E9: =GetTyreMileage($A9,E$7) -> #NAME? | G9: =GetTyreMileage($A9,G$7) -> #NAME? | I9: =GetTyreMileage($A9,I$7) -> #NAME? | K9: =GetTyreMileage($A9,K$7) -> #NAME? | M9: =GetTyreMileage($A9,M$7) -> #NAME? | O9: =SUM(C9:N9) -> #NAME? | Q9: =SUM(B9:N9) -> #NAME?
A10: 1.5323 | B10: 54.22 | C10: =GetTyreMileage($A10,C$7) -> #NAME? | E10: =GetTyreMileage($A10,E$7) -> #NAME? | G10: =GetTyreMileage($A10,G$7) -> #NAME? | I10: =GetTyreMileage($A10,I$7) -> #NAME? | K10: =GetTyreMileage($A10,K$7) -> #NAME? | M10: =GetTyreMileage($A10,M$7) -> #NAME? | O10: =SUM(C10:N10) -> #NAME? | Q10: =SUM(B10:N10) -> #NAME?
A11: 1.5324 | B11: 54.22 | C11: =GetTyreMileage($A11,C$7) -> #NAME? | E11: =GetTyreMileage($A11,E$7) -> #NAME? | G11: =GetTyreMileage($A11,G$7) -> #NAME? | I11: =GetTyreMileage($A11,I$7) -> #NAME? | K11: =GetTyreMileage($A11,K$7) -> #NAME? | M11: =GetTyreMileage($A11,M$7) -> #NAME? | O11: =SUM(C11:N11) -> #NAME? | Q11: =SUM(B11:N11) -> #NAME?
A12: 1.5421 | B12: 31.26 | C12: =GetTyreMileage($A12,C$7) -> #NAME? | E12: =GetTyreMileage($A12,E$7) -> #NAME? | G12: =GetTyreMileage($A12,G$7) -> #NAME? | I12: =GetTyreMileage($A12,I$7) -> #NAME? | K12: =GetTyreMileage($A12,K$7) -> #NAME? | M12: =GetTyreMileage($A12,M$7) -> #NAME? | O12: =SUM(C12:N12) -> #NAME? | Q12: =SUM(B12:N12) -> #NAME?
A13: 1.5422 | B13: 31.26 | C13: =GetTyreMileage($A13,C$7) -> #NAME? | E13: =GetTyreMileage($A13,E$7) -> #NAME? | G13: =GetTyreMileage($A13,G$7) -> #NAME? | I13: =GetTyreMileage($A13,I$7) -> #NAME? | K13: =GetTyreMileage($A13,K$7) -> #NAME? | M13: =GetTyreMileage($A13,M$7) -> #NAME? | O13: =SUM(C13:N13) -> #NAME? | Q13: =SUM(B13:N13) -> #NAME?
A14: 1.5423 | B14: 31.26 | C14: =GetTyreMileage($A14,C$7) -> #NAME? | E14: =GetTyreMileage($A14,E$7) -> #NAME? | G14: =GetTyreMileage($A14,G$7) -> #NAME? | I14: =GetTyreMileage($A14,I$7) -> #NAME? | K14: =GetTyreMileage($A14,K$7) -> #NAME? | M14: =GetTyreMileage($A14,M$7) -> #NAME? | O14: =SUM(C14:N14) -> #NAME? | Q14: =SUM(B14:N14) -> #NAME?
A15: 1.5424 | B15: 31.26 | C15: =GetTyreMileage($A15,C$7) -> #NAME? | E15: =GetTyreMileage($A15,E$7) -> #NAME? | G15: =GetTyreMileage($A15,G$7) -> #NAME? | I15: =GetTyreMileage($A15,I$7) -> #NAME? | K15: =GetTyreMileage($A15,K$7) -> #NAME? | M15: =GetTyreMileage($A15,M$7) -> #NAME? | O15: =SUM(C15:N15) -> #NAME? | Q15: =SUM(B15:N15) -> #NAME?
A16: 1.5521 | B16: 0 | C16: =GetTyreMileage($A16,C$7) -> #NAME? | E16: =GetTyreMileage($A16,E$7) -> #NAME? | G16: =GetTyreMileage($A16,G$7) -> #NAME? | I16: =GetTyreMileage($A16,I$7) -> #NAME? | K16: =GetTyreMileage($A16,K$7) -> #NAME? | M16: =GetTyreMileage($A16,M$7) -> #NAME? | O16: =SUM(C16:N16) -> #NAME? | Q16: =SUM(B16:N16) -> #NAME?
A17: 1.5522 | B17: 0 | C17: =GetTyreMileage($A17,C$7) -> #NAME? | E17: =GetTyreMileage($A17,E$7) -> #NAME? | G17: =GetTyreMileage($A17,G$7) -> #NAME? | I17: =GetTyreMileage($A17,I$7) -> #NAME? | K17: =GetTyreMileage($A17,K$7) -> #NAME? | M17: =GetTyreMileage($A17,M$7) -> #NAME? | O17: =SUM(C17:N17) -> #NAME? | Q17: =SUM(B17:N17) -> #NAME?
A18: 1.5523 | B18: 0 | C18: =GetTyreMileage($A18,C$7) -> #NAME? | E18: =GetTyreMileage($A18,E$7) -> #NAME? | G18: =GetTyreMileage($A18,G$7) -> #NAME? | I18: =GetTyreMileage($A18,I$7) -> #NAME? | K18: =GetTyreMileage($A18,K$7) -> #NAME? | M18: =GetTyreMileage($A18,M$7) -> #NAME? | O18: =SUM(C18:N18) -> #NAME? | Q18: =SUM(B18:N18) -> #NAME?
A19: 1.5524 | B19: 0 | C19: =GetTyreMileage($A19,C$7) -> #NAME? | E19: =GetTyreMileage($A19,E$7) -> #NAME? | G19: =GetTyreMileage($A19,G$7) -> #NAME? | I19: =GetTyreMileage($A19,I$7) -> #NAME? | K19: =GetTyreMileage($A19,K$7) -> #NAME? | M19: =GetTyreMileage($A19,M$7) -> #NAME? | O19: =SUM(C19:N19) -> #NAME? | Q19: =SUM(B19:N19) -> #NAME?
... A27: 1.5508 | B27: 0 | C27: =GetTyreMileage($A27,C$7) -> #NAME? | E27: =GetTyreMileage($A27,E$7) -> #NAME? | G27: =GetTyreMileage($A27,G$7) -> #NAME? | I27: =GetTyreMileage($A27,I$7) -> #NAME? | K27: =GetTyreMileage($A27,K$7) -> #NAME? | M27: =GetTyreMileage($A27,M$7) -> #NAME? | O27: =SUM(C27:N27) -> #NAME? | Q27: =SUM(B27:N27) -> #NAME?
A28: ROTORS
A29: 12.24.7 | B29: 25 | C29: =C34 -> #REF! | O29: =SUM(C29:N29) -> #REF! | Q29: =SUM(B29:N29) -> #REF!
A30: 1.25.4 | B30: 34 | E30: =E34 -> #REF! | G30: =G34 -> #REF! | I30: =I34 -> #REF! | K30: =K34 -> #REF! | M30: =M34 -> #REF! | O30: =SUM(C30:N30) -> #REF! | Q30: =SUM(B30:N30) -> #REF!
A31: PADS
A32: 1.25.10 | B32: 25 | C32: =C34 -> #REF! | K32: =K34 -> #REF! | M32: =M34 -> #REF! | O32: =SUM(C32:N32) -> #REF! | Q32: =SUM(B32:N32) -> #REF!
A33: 1.25.7 | B33: 34 | E33: =E34 -> #REF! | G33: =G34 -> #REF! | I33: =I34 -> #REF! | O33: =SUM(C33:N33) -> #REF! | Q33: =SUM(B33:N33) -> #REF!
A34: Car Mileage | C34: =#REF! -> #REF! | E34: =#REF! -> #REF! | G34: =#REF! -> #REF! | I34: =#REF! -> #REF! | K34: =#REF! -> #REF! | M34: =#REF! -> #REF! | O34: =SUM(B34:N34) -> #REF! | S34: Update Lifing
A35: Fuel Used | C35: =#REF!-#REF! -> #REF! | E35: =#REF!-#REF! -> #REF! | G35: =#REF!-#REF! -> #REF! | I35: =#REF!-#REF! -> #REF! | K35: =#REF!-#REF! -> #REF! | M35: =#REF!-#REF! -> #REF! | O35: =SUM(B35:N35) -> #REF! | S35: Ave Calc: | T35: =O35/(O34/R5) -> #REF! | U35: kg/lap

Sheet Comments
A1: fad | G1: Session Comments | N1: Car | O1: =Master!C2 -> 1
A5: =Master!C13 -> Practice 1 | K5: =Master!C14 -> Practice 2
A7: =#REF! -> #REF! | K7: =#REF! -> #REF!
A16: =Master!C15 -> Qualifying | K16: =Master!C16 -> Race 1
A18: =#REF! -> #REF! | K18: =#REF! -> #REF!
A27: =Master!C17 -> Race 2 | K27: =Master!C18 -> Race 3
A29: =#REF! -> #REF! | K29: =#REF! -> #REF!
